Name,Símbolo,Mercado,Último (Preço),%,Data/Hora,Link
2020 BULKERS,2020,XOSL,"NOK 143,50","1,20%",16:26 CET,https://live.euronext.com/pt/product/equities/BMG9156K1018-XOSL
2CRSI,AL2SI,ALXP,"EUR 12,18","-0,81%",17:35 CET,https://live.euronext.com/pt/product/equities/FR0013341781-ALXP
3D SYSTEMS CORP,4DDD,ETLX,"EUR 2,366","10,10%",16:59 CET,https://live.euronext.com/pt/product/equities/US88554D2053-ETLX
3D SYSTEMS CORP,1DDD,BGEM,"EUR 2,306","7,21%",17:35 CET,https://live.euronext.com/pt/product/equities/US88554D2053-BGEM
3D SYSTEMS CORP,2DDD,MTAH,"EUR 1,56","1,10%",09 Dec 2025,https://live.euronext.com/pt/product/equities/US88554D2053-MTAH
3M,4MMM,ETLX,"EUR 141,94","0,13%",07 Nov 2025,https://live.euronext.com/pt/product/equities/US88579Y1010-ETLX
3M,1MMM,BGEM,"EUR 147,06","-1,29%",17:07 CET,https://live.euronext.com/pt/product/equities/US88579Y1010-BGEM
3M,2MMM,MTAH,"EUR 142,64","0,71%",09 Jan 2026,https://live.euronext.com/pt/product/equities/US88579Y1010-MTAH
4AIM SICAF,AIM,EXGM,"EUR 73,00","-2,01%",13 Jan 2026,https://live.euronext.com/pt/product/equities/IT0005204729-EXGM
4AIM SICAF COMP 2,AIM2,EXGM,"EUR 131,50","0,38%",14 Jan 2026,https://live.euronext.com/pt/product/equities/IT0005440323-EXGM
5TH PLANET GAMES,5PG,XOAS,"NOK 0,776","1,31%",15:43 CET,https://live.euronext.com/pt/product/equities/DK0060945467-XOAS
74SOFTWARE,74SW,XPAR,"EUR 38,40","-1,03%",17:35 CET,https://live.euronext.com/pt/product/equities/FR0011040500-XPAR
A.B.P. NOCIVELLI,ABP,EXGM,"EUR 7,10","0,71%",17:35 CET,https://live.euronext.com/pt/product/equities/IT0005439861-EXGM
A2A,A2A,MTAA,"EUR 2,476","0,53%",17:35 CET,https://live.euronext.com/pt/product/equities/IT0001233417-MTAA
A2A,2A2A,MTAH,"EUR 2,458","-0,20%",15 Jan 2026,https://live.euronext.com/pt/product/equities/IT0001233417-MTAH
AAK AB,1AAK,BGEM,-,-,-,https://live.euronext.com/pt/product/equities/SE0011337708-BGEM
AALBERTS NV,AALB,XAMS,"EUR 30,00","-0,60%",17:35 CET,https://live.euronext.com/pt/product/equities/NL0000852564-XAMS
AALBERTS NV,2AALB,MTAH,"EUR 34,00",-,25 Mar 2025,https://live.euronext.com/pt/product/equities/NL0000852564-MTAH
AASEN SPAREBANK,AASB,MERK,"NOK 139,96","-1,07%",10:32 CET,https://live.euronext.com/pt/product/equities/NO0010672181-MERK
AATECH,AAT,EXGM,"EUR 0,945","-2,07%",16:10 CET,https://live.euronext.com/pt/product/equities/IT0005548521-EXGM
AB INBEV,ABI,XBRU,"EUR 59,08","-0,30%",17:37 CET,https://live.euronext.com/pt/product/equities/BE0974293251-XBRU
AB SCIENCE,AB,XPAR,"EUR 1,412","0,14%",17:39 CET,https://live.euronext.com/pt/product/equities/FR0010557264-XPAR
AB SCIENCE BSA,ABBS,XPAR,-,-,-,https://live.euronext.com/pt/product/equities/FR001400ZRT0-XPAR
AB SCIENCE BSA 25,ABSBS,ALXP,-,-,-,https://live.euronext.com/pt/product/equities/FR00140118Z8-ALXP
AB SCIENCE BSAAU25,ABBSA,ALXP,-,-,-,https://live.euronext.com/pt/product/equities/FR0014011S49-ALXP
ABATTOIR,,VPXB,"EUR 45,00","-10,00%",22 Oct 2024,https://live.euronext.com/pt/product/equities/BE0946377455-VPXB
ABB Ltd,1ABB,BGEM,"EUR 66,90","1,06%",10:41 CET,https://live.euronext.com/pt/product/equities/CH0012221716-BGEM
Abbott LaB,1ABT,BGEM,"EUR 106,44","-0,06%",15:04 CET,https://live.euronext.com/pt/product/equities/US0028241000-BGEM
ABBVIE,4ABBV,ETLX,"EUR 186,40","-0,85%",14 Jan 2026,https://live.euronext.com/pt/product/equities/US00287Y1091-ETLX
ABBVIE,1ABBV,BGEM,"EUR 184,80",-,14:28 CET,https://live.euronext.com/pt/product/equities/US00287Y1091-BGEM
ABBVIE,2ABBV,MTAH,"EUR 190,00","-0,42%",11 Dec 2025,https://live.euronext.com/pt/product/equities/US00287Y1091-MTAH
ABC ARBITRAGE,ABCA,XPAR,"EUR 5,35","-0,56%",17:35 CET,https://live.euronext.com/pt/product/equities/FR0004040608-XPAR
ABC COMPANY,ABC,EXGM,"EUR 3,76",-,02 Jan 2026,https://live.euronext.com/pt/product/equities/IT0005466294-EXGM
ABEO,ABEO,XPAR,"EUR 8,88","1,60%",17:16 CET,https://live.euronext.com/pt/product/equities/FR0013185857-XPAR
ABERCROMBIE & FITC,1ANF,BGEM,"EUR 91,57","1,04%",17:05 CET,https://live.euronext.com/pt/product/equities/US0028962076-BGEM
ABG SUNDAL COLLIER,ABG,XOSL,"NOK 8,03","-0,25%",16:25 CET,https://live.euronext.com/pt/product/equities/NO0003021909-XOSL
ABIONYX PHARMA,ABNX,XPAR,"EUR 3,72","3,33%",17:35 CET,https://live.euronext.com/pt/product/equities/FR0012616852-XPAR
ABITARE IN,ABT,MTAA,"EUR 2,92","0,17%",17:35 CET,https://live.euronext.com/pt/product/equities/IT0005445280-MTAA
ABIVAX,ABVX,XPAR,"EUR 102,20","-1,35%",17:39 CET,https://live.euronext.com/pt/product/equities/FR0012333284-XPAR
ABL Diagnostics,ABLD,XPAR,"EUR 3,64","11,66%",17:08 CET,https://live.euronext.com/pt/product/equities/FR001400AHX6-XPAR
ABL GROUP,ABL,XOSL,"NOK 8,54","-0,47%",16:25 CET,https://live.euronext.com/pt/product/equities/NO0010715394-XOSL
ABN AMRO BANK N.V.,ABN,XAMS,"EUR 31,08","-0,06%",17:35 CET,https://live.euronext.com/pt/product/equities/NL0011540547-XAMS
ABO GROUP,ABO,"XBRU, XPAR","EUR 5,45",-,11:25 CET,https://live.euronext.com/pt/product/equities/BE0974278104-XBRU
ACADIA HEALTHCARE,1ACHC,BGEM,"EUR 10,20",-,16:37 CET,https://live.euronext.com/pt/product/equities/US00404A1097-BGEM
ACANTHE DEV.,ACAN,XPAR,"EUR 0,228","5,56%",10:33 CET,https://live.euronext.com/pt/product/equities/FR0000064602-XPAR
ACCENTIS,ACCB,XBRU,"EUR 0,0265","-1,85%",16:06 CET,https://live.euronext.com/pt/product/equities/BE0003696102-XBRU
Accenture PLC,1ACN,BGEM,"EUR 242,30","-2,83%",16:46 CET,https://live.euronext.com/pt/product/equities/IE00B4BNMY34-BGEM
Acciona,1ANA,BGEM,"EUR 185,50","-6,92%",14 Jan 2026,https://live.euronext.com/pt/product/equities/ES0125220311-BGEM
ACCIONA Energias,1ANE,BGEM,"EUR 23,06","3,32%",14 Jan 2026,https://live.euronext.com/pt/product/equities/ES0105563003-BGEM
ACCOR,AC,XPAR,"EUR 46,30","0,43%",17:35 CET,https://live.euronext.com/pt/product/equities/FR0000120404-XPAR
ACCOR,2AC,MTAH,-,-,-,https://live.euronext.com/pt/product/equities/FR0000120404-MTAH
ACCOR,4AC,ETLX,"EUR 47,69","-1,12%",23 Dec 2025,https://live.euronext.com/pt/product/equities/FR0000120404-ETLX
ACCSYS,AXS,XAMS,"EUR 0,715","-0,28%",17:35 CET,https://live.euronext.com/pt/product/equities/GB00BQQFX454-XAMS
ACE DIGITAL,ACED,MERK,"NOK 0,449","-6,85%",14:28 CET,https://live.euronext.com/pt/product/equities/NO0013531616-MERK
ACEA,ACE,MTAA,"EUR 23,10","0,43%",17:35 CET,https://live.euronext.com/pt/product/equities/IT0001207098-MTAA
Acerinox,1ACX,BGEM,"EUR 13,10","-1,73%",12 Jan 2026,https://live.euronext.com/pt/product/equities/ES0132105018-BGEM
ACHETER-LOUER.FR,ALALO,ALXP,"EUR 0,0366","-14,08%",17:35 CET,https://live.euronext.com/pt/product/equities/FR0014011O84-ALXP
ACINQUE,AC5,MTAA,"EUR 2,34","0,86%",13:00 CET,https://live.euronext.com/pt/product/equities/IT0001382024-MTAA
ACKERMANS V.HAAREN,2ACKB,MTAH,-,-,-,https://live.euronext.com/pt/product/equities/BE0003764785-MTAH
ACKERMANS V.HAAREN,ACKB,XBRU,"EUR 239,60","-0,83%",17:35 CET,https://live.euronext.com/pt/product/equities/BE0003764785-XBRU
ACM RESEARCH INC-C,1ACMR,BGEM,"EUR 45,98","-1,73%",17:27 CET,https://live.euronext.com/pt/product/equities/US00108J1097-BGEM
ACOMO,ACOMO,XAMS,"EUR 25,25","0,80%",17:35 CET,https://live.euronext.com/pt/product/equities/NL0000313286-XAMS
ACQUAZZURRA,ACQ,EXGM,"EUR 10,50","5,00%",05 May 2025,https://live.euronext.com/pt/product/equities/IT0005443061-EXGM
ACS ACTIVIDADES,1ACS,BGEM,"EUR 93,30","0,27%",13 Jan 2026,https://live.euronext.com/pt/product/equities/ES0167050915-BGEM
ACS ACTIVIDADES,2ACS,MTAH,"EUR 94,95","2,93%",07 Jan 2026,https://live.euronext.com/pt/product/equities/ES0167050915-MTAH
ACS ACTIVIDADES,4ACS,ETLX,"EUR 70,30","0,07%",22 Oct 2025,https://live.euronext.com/pt/product/equities/ES0167050915-ETLX
ACTEOS,EOS,XPAR,"EUR 0,95","0,21%",15:07 CET,https://live.euronext.com/pt/product/equities/FR0000076861-XPAR
ACTIA GROUP,ALATI,ALXP,"EUR 3,15",-,17:27 CET,https://live.euronext.com/pt/product/equities/FR0000076655-ALXP
ACTIVIUM GROUP,MLACT,XMLI,"EUR 1,60",-,16:30 CET,https://live.euronext.com/pt/product/equities/FR0010979377-XMLI
ACVLHO,,VPXB,"EUR 4 500,01",-,07 Jul 2015,https://live.euronext.com/pt/product/equities/BE0010012210-VPXB
ADC SIIC,ALDV,XPAR,"EUR 0,063",-,14 Jan 2026,https://live.euronext.com/pt/product/equities/BE0974269012-XPAR
AddTech,1ADDT,BGEM,"EUR 31,38","0,32%",12 Jan 2026,https://live.euronext.com/pt/product/equities/SE0014781795-BGEM
ADEC INNOVATIONS,MLADE,MLXB,"EUR 10,00",-,24 Jul 2025,https://live.euronext.com/pt/product/equities/NL0015002K91-MLXB
ADECCO,1ADEN,BGEM,"EUR 25,00","-0,79%",11:51 CET,https://live.euronext.com/pt/product/equities/CH0012138605-BGEM
ADEUNIS,ALARF,ALXP,"EUR 0,59",-,17:28 CET,https://live.euronext.com/pt/product/equities/FR0013284627-ALXP
ADIDAS,2ADS,MTAH,"EUR 161,60","-0,95%",13 Jan 2026,https://live.euronext.com/pt/product/equities/DE000A1EWWW0-MTAH
ADIDAS,1ADS,BGEM,"EUR 159,45","-1,94%",17:12 CET,https://live.euronext.com/pt/product/equities/DE000A1EWWW0-BGEM
ADIDAS,4ADS,ETLX,"EUR 162,90","1,27%",15 Jan 2026,https://live.euronext.com/pt/product/equities/DE000A1EWWW0-ETLX
ADLER GROUP,4ADJ,ETLX,"EUR 0,205","4,06%",14 Jan 2026,https://live.euronext.com/pt/product/equities/LU1250154413-ETLX
ADLER GROUP,1ADJ,BGEM,"EUR 0,217","7,43%",15 Jan 2026,https://live.euronext.com/pt/product/equities/LU1250154413-BGEM
ADLER GROUP,2ADJ,MTAH,-,-,-,https://live.euronext.com/pt/product/equities/LU1250154413-MTAH
ADOBE,2ADBE,MTAH,"EUR 262,25",-,15 Jan 2026,https://live.euronext.com/pt/product/equities/US00724F1012-MTAH
ADOBE,1ADBE,BGEM,"EUR 256,45","-2,21%",17:39 CET,https://live.euronext.com/pt/product/equities/US00724F1012-BGEM
ADOBE,4ADBE,ETLX,"EUR 262,00","-0,08%",15:35 CET,https://live.euronext.com/pt/product/equities/US00724F1012-ETLX
ADOCIA,ADOC,XPAR,"EUR 6,05","-0,98%",17:35 CET,https://live.euronext.com/pt/product/equities/FR0011184241-XPAR
ADOCIA BSA,ADOBS,ALXP,"EUR 7,10","-1,39%",27 Oct 2025,https://live.euronext.com/pt/product/equities/FR001400XVZ4-ALXP
ADOMOS,ALADO,ALXP,"EUR 0,0005","-16,67%",17:29 CET,https://live.euronext.com/pt/product/equities/FR001400UT31-ALXP
ADP,2ADPP,MTAH,-,-,-,https://live.euronext.com/pt/product/equities/FR0010340141-MTAH
ADP,ADP,XPAR,"EUR 109,30","-0,18%",17:35 CET,https://live.euronext.com/pt/product/equities/FR0010340141-XPAR
ADS MARITIME HOLD,ADS,MERK,"NOK 2,40","7,14%",13:18 CET,https://live.euronext.com/pt/product/equities/CY0108052115-MERK
ADUX,ALDUX,ALXP,"EUR 2,07","-1,43%",13:30 CET,https://live.euronext.com/pt/product/equities/FR0012821890-ALXP
ADVANCED MICRO DEV,1AMD,BGEM,"EUR 200,55","-1,47%",17:35 CET,https://live.euronext.com/pt/product/equities/US0079031078-BGEM
ADVANCED MICRO DEV,2AMDV,MTAH,"EUR 201,80","-0,86%",15 Jan 2026,https://live.euronext.com/pt/product/equities/US0079031078-MTAH
2020 BULKERS,2020,XOSL,"NOK 143,50","1,20%",16:26 CET,https://live.euronext.com/pt/product/equities/BMG9156K1018-XOSL
2CRSI,AL2SI,ALXP,"EUR 12,18","-0,81%",17:35 CET,https://live.euronext.com/pt/product/equities/FR0013341781-ALXP
AEDES,AEDES,MTAA,"EUR 0,1705","-0,29%",15 Jan 2026,https://live.euronext.com/pt/product/equities/IT0005349052-MTAA
AEDIFICA,AED,"XBRU, XAMS","EUR 75,05","0,81%",17:35 CET,https://live.euronext.com/pt/product/equities/BE0003851681-XBRU
ALNYLAM PHARMACEUT,1ALNY,BGEM,"EUR 320,00","5,72%",13 Jan 2026,https://live.euronext.com/pt/product/equities/US02043Q1076-BGEM
ALPES (COMPAGNIE),CDA,XPAR,"EUR 25,00","0,40%",17:35 CET,https://live.euronext.com/pt/product/equities/FR0000053324-XPAR
ALPHABET CLASSE A,4GOOGL,ETLX,"EUR 285,40","-0,31%",15 Jan 2026,https://live.euronext.com/pt/product/equities/US02079K3059-ETLX
ALPHABET CLASSE A,2GOOGL,MTAH,"EUR 287,15","0,44%",15 Jan 2026,https://live.euronext.com/pt/product/equities/US02079K3059-MTAH
APPEAR,APR,XOSL,"NOK 77,50","-0,36%",16:25 CET,https://live.euronext.com/pt/product/equities/NO0013683821-XOSL
APPFOLIO INC - A,1APPF,BGEM,"EUR 181,00","-1,95%",15 Jan 2026,https://live.euronext.com/pt/product/equities/US03783C1009-BGEM
BAWAG Group,1BGA,BGEM,"EUR 140,90","6,34%",13:01 CET,https://live.euronext.com/pt/product/equities/AT0000BAWAG2-BGEM
BAXTER INTERN,2BAX,MTAH,"EUR 16,12","-0,58%",12 Nov 2025,https://live.euronext.com/pt/product/equities/US0718131099-MTAH
BM3EAC,BACE,XAMS,"USD 10,00","1,01%",14 Mar 2023,https://live.euronext.com/pt/product/equities/KYG137071075-XAMS
BMW,4BMW,ETLX,"EUR 89,34","-1,13%",13:56 CET,https://live.euronext.com/pt/product/equities/DE0005190003-ETLX
BMW,1BMW,BGEM,"EUR 88,80","-1,73%",17:19 CET,https://live.euronext.com/pt/product/equities/DE0005190003-BGEM
CAIXABANK,2CABK,MTAH,"EUR 7,648","2,96%",15 May 2025,https://live.euronext.com/pt/product/equities/ES0140609019-MTAH
CAIXABANK,1CABK,BGEM,"EUR 10,68","-1,20%",15 Jan 2026,https://live.euronext.com/pt/product/equities/ES0140609019-BGEM
CAIXABANK,4CABK,ETLX,"EUR 10,57","1,10%",29 Dec 2025,https://live.euronext.com/pt/product/equities/ES0140609019-ETLX
CIBIX,,VPXB,-,-,-,https://live.euronext.com/pt/product/equities/BE0003706208-VPXB
CIBOX INTER A CTIV,ALCBX,ALXP,"EUR 0,0152","-5,00%",17:35 CET,https://live.euronext.com/pt/product/equities/FR0000054322-ALXP
CIE BOIS SAUVAGE,COMB,XBRU,"EUR 299,00","-1,32%",17:35 CET,https://live.euronext.com/pt/product/equities/BE0003592038-XBRU
CONSOLIDATED EDIS,1ED,BGEM,"EUR 85,08","0,14%",05 Jan 2026,https://live.euronext.com/pt/product/equities/US2091151041-BGEM
CONSORT NT,MLCNT,XMLI,"EUR 70,00",-,27 Feb 2023,https://live.euronext.com/pt/product/equities/FR0000077828-XMLI
CONSTELLATION BR,4STZ,ETLX,"EUR 122,70","0,70%",08 Oct 2025,https://live.euronext.com/pt/product/equities/US21036P1084-ETLX
CUMULEX,CLEX,XBRU,"EUR 0,745",-,13 Nov 2025,https://live.euronext.com/pt/product/equities/BE0003463685-XBRU
ECONOCOM GROUP,ECONB,XBRU,"EUR 1,73","-3,57%",17:35 CET,https://live.euronext.com/pt/product/equities/BE0974313455-XBRU
ECOSLOPS,ALESA,ALXP,"EUR 0,93","18,02%",17:35 CET,https://live.euronext.com/pt/product/equities/FR0011490648-ALXP
ECOSUNTEK,ECK,EXGM,"EUR 2,36","-2,48%",17:03 CET,https://live.euronext.com/pt/product/equities/IT0005654766-EXGM
EVS BROADC.EQUIPM.,EVS,XBRU,"EUR 36,50","0,14%",17:35 CET,https://live.euronext.com/pt/product/equities/BE0003820371-XBRU
EXACOMPTA CLAIREF.,ALEXA,ALXP,"EUR 165,00",-,16:30 CET,https://live.euronext.com/pt/product/equities/FR0000064164-ALXP
EXACT SCIENCES COR,1EXAS,BGEM,"EUR 85,35","-1,44%",02 Jan 2026,https://live.euronext.com/pt/product/equities/US30063P1057-BGEM
IMBAKIN HOLDING,,VPXB,"EUR 0,10","11,11%",06 Jan 2026,https://live.euronext.com/pt/product/equities/BE6264882406-VPXB
IMCD,IMCD,XAMS,"EUR 76,88","-4,95%",17:36 CET,https://live.euronext.com/pt/product/equities/NL0010801007-XAMS
IMCD,2IMCD,MTAH,-,-,-,https://live.euronext.com/pt/product/equities/NL0010801007-MTAH
IMEON ENERGY,MLIME,XMLI,-,-,-,https://live.euronext.com/pt/product/equities/FR001400QW73-XMLI
IMERYS,2NK,MTAH,-,-,-,https://live.euronext.com/pt/product/equities/FR0000120859-MTAH
IMERYS,NK,XPAR,"EUR 25,24","-2,02%",17:35 CET,https://live.euronext.com/pt/product/equities/FR0000120859-XPAR
IMM.PARIS.PERLE,MLIPP,XMLI,"EUR 55,50","23,33%",08 May 2025,https://live.euronext.com/pt/product/equities/FR0006859039-XMLI
IMMAGRIFOR,,VPXB,"EUR 396,00",-,04 Aug 2015,https://live.euronext.com/pt/product/equities/BE0020932779-VPXB
IMMERSION,ALIMR,ALXP,"EUR 3,38","-0,59%",16:30 CET,https://live.euronext.com/pt/product/equities/FR0013060100-ALXP
IMMO MCC,MCC,XBRU,"EUR 530,00","0,95%",14:19 CET,https://live.euronext.com/pt/product/equities/BE0974287196-XBRU
IMMO MOURY,IMMOU,XBRU,"EUR 33,60",-,11:30 CET,https://live.euronext.com/pt/product/equities/BE0003893139-XBRU
IMMOB.DASSAULT,IMDA,XPAR,"EUR 51,60","0,78%",12:07 CET,https://live.euronext.com/pt/product/equities/FR0000033243-XPAR
IMMOBEL,IMMO,XBRU,"EUR 25,00","3,73%",17:35 CET,https://live.euronext.com/pt/product/equities/BE0003599108-XBRU
IMMSI,IMS,MTAA,"EUR 0,557","-1,76%",17:35 CET,https://live.euronext.com/pt/product/equities/IT0001413837-MTAA
IMPIANTI,MPT,EXGM,"EUR 0,93","-0,53%",14:33 CET,https://live.euronext.com/pt/product/equities/IT0005518953-EXGM
IMPINJ INC,1PI,BGEM,"EUR 149,95","-7,32%",15 Jan 2026,https://live.euronext.com/pt/product/equities/US4532041096-BGEM
IMPLANET,ALIMP,ALXP,"EUR 0,24","3,00%",17:29 CET,https://live.euronext.com/pt/product/equities/FR0013470168-ALXP
"IMPRESA,SGPS",IPR,XLIS,"EUR 0,20",-,16:35 WET,https://live.euronext.com/pt/product/equities/PTIPR0AM0000-XLIS
IMPRIMERIE CHIRAT,MLIMP,XMLI,"EUR 4,70","-2,08%",11:30 CET,https://live.euronext.com/pt/product/equities/FR0000065773-XMLI
IMPULSE FITNESS,MLIFS,XMLI,"EUR 7,00","-11,95%",02 Dec 2024,https://live.euronext.com/pt/product/equities/ES0105590006-XMLI
INCLUSIO SA/NV,INCLU,XBRU,"EUR 17,65",-,17:35 CET,https://live.euronext.com/pt/product/equities/BE0974374069-XBRU
INCYTE,2INCY,MTAH,"EUR 92,16","0,48%",14 Nov 2025,https://live.euronext.com/pt/product/equities/US45337C1027-MTAH
INCYTE,4INCY,ETLX,"EUR 83,94","-0,64%",09 Dec 2025,https://live.euronext.com/pt/product/equities/US45337C1027-ETLX
INCYTE,1INCY,BGEM,"EUR 88,06","-2,11%",15 Jan 2026,https://live.euronext.com/pt/product/equities/US45337C1027-BGEM
IND CHIMICHE FORES,ICF,EXGM,"EUR 6,12","-1,61%",15:07 CET,https://live.euronext.com/pt/product/equities/IT0005416281-EXGM
INDEL B,INDB,MTAA,"EUR 19,50","-0,76%",16:27 CET,https://live.euronext.com/pt/product/equities/IT0005245508-MTAA
INDITEX,1ITX,BGEM,"EUR 55,42","-0,68%",13:59 CET,https://live.euronext.com/pt/product/equities/ES0148396007-BGEM
INDITEX,2ITX,MTAH,"EUR 58,48","2,24%",07 Jan 2026,https://live.euronext.com/pt/product/equities/ES0148396007-MTAH
INDITEX,4ITX,ETLX,"EUR 56,12","-0,07%",30 Dec 2025,https://live.euronext.com/pt/product/equities/ES0148396007-ETLX
Indra Sistemas,1IDR,BGEM,"EUR 59,80","3,64%",14:23 CET,https://live.euronext.com/pt/product/equities/ES0118594417-BGEM
INDUCT,INDCT,MERK,"NOK 4,40","-1,79%",16:25 CET,https://live.euronext.com/pt/product/equities/NO0010536048-MERK
INDUS HOLDING,2INH,MTAH,"EUR 23,80","-2,66%",31 Mar 2025,https://live.euronext.com/pt/product/equities/DE0006200108-MTAH
INDUS HOLDING,4INH,ETLX,"EUR 23,70","-1,66%",28 Jul 2025,https://live.euronext.com/pt/product/equities/DE0006200108-ETLX
INDUS HOLDING,1INH,BGEM,"EUR 30,00","2,22%",08 Jan 2026,https://live.euronext.com/pt/product/equities/DE0006200108-BGEM
INDUSTRIE DE NORA,DNR,MTAA,"EUR 7,54","-1,50%",17:35 CET,https://live.euronext.com/pt/product/equities/IT0005186371-MTAA
Industrivarden,1INDU,BGEM,-,-,-,https://live.euronext.com/pt/product/equities/SE0000107203-BGEM
Indutrade,1INDT,BGEM,-,-,-,https://live.euronext.com/pt/product/equities/SE0001515552-BGEM
INFINEON TECHNOLOG,2IFX,MTAH,"EUR 40,82","-3,09%",07 Jan 2026,https://live.euronext.com/pt/product/equities/DE0006231004-MTAH
INFINEON TECHNOLOG,4IFX,ETLX,"EUR 41,35","-2,78%",14 Jan 2026,https://live.euronext.com/pt/product/equities/DE0006231004-ETLX
INFINEON TECHNOLOG,1IFX,BGEM,"EUR 41,76","-1,97%",16:47 CET,https://live.euronext.com/pt/product/equities/DE0006231004-BGEM
INFOCLIP,MLIFC,XMLI,"EUR 2,00",-,27 Oct 2025,https://live.euronext.com/pt/product/equities/FR0011158823-XMLI
INFOTEL,INF,XPAR,"EUR 40,20","-0,74%",17:35 CET,https://live.euronext.com/pt/product/equities/FR0000071797-XPAR
INFRABEL,,VPXB,"EUR 6,70","20,72%",16 Sep 2025,https://live.euronext.com/pt/product/equities/BE6265912038-VPXB
ING GROEP,4INGA,ETLX,"EUR 23,46","0,88%",17 Dec 2025,https://live.euronext.com/pt/product/equities/NL0011821202-ETLX
ING GROEP,2INGA,MTAH,"EUR 21,06","2,96%",29 Jul 2025,https://live.euronext.com/pt/product/equities/NL0011821202-MTAH
ING GROEP,1INGA,BGEM,"EUR 24,91","-0,26%",13:01 CET,https://live.euronext.com/pt/product/equities/NL0011821202-BGEM
ING GROEP N.V.,INGA,"XAMS, XBRU","EUR 25,045","0,20%",17:36 CET,https://live.euronext.com/pt/product/equities/NL0011821202-XAMS
INIFY LABORATORIES,INIFY,MERK,"NOK 3,88","2,11%",15:41 CET,https://live.euronext.com/pt/product/equities/SE0017486103-MERK
ININ GROUP,ININ,MERK,"NOK 3,15","-4,26%",13:46 CET,https://live.euronext.com/pt/product/equities/NO0010864036-MERK
INIZIAT BRESCIANE,IB,EXGM,"EUR 11,90","-1,65%",15 Jan 2026,https://live.euronext.com/pt/product/equities/IT0005037905-EXGM
INMARK,MLINM,XMLI,"EUR 17,90",-,08 Apr 2021,https://live.euronext.com/pt/product/equities/ES0105511002-XMLI
INMOLECULE,MLINA,XMLI,"EUR 3,98",-,29 Oct 2025,https://live.euronext.com/pt/product/equities/ES0105908000-XMLI
INMOSUPA,MLISP,XMLI,"EUR 1,62",-,06 Apr 2020,https://live.euronext.com/pt/product/equities/ES0105473005-XMLI
INNATE PHARMA,4IPH,ETLX,"EUR 1,80","-4,05%",11 Nov 2025,https://live.euronext.com/pt/product/equities/FR0010331421-ETLX
INNATE PHARMA,IPH,XPAR,"EUR 1,506","0,13%",17:35 CET,https://live.euronext.com/pt/product/equities/FR0010331421-XPAR
INNELEC MULTIMEDIA,ALINN,ALXP,"EUR 3,15","-0,94%",17:35 CET,https://live.euronext.com/pt/product/equities/FR0000064297-ALXP
INNODATA INC,1INOD,BGEM,"EUR 53,30","-1,93%",16:02 CET,https://live.euronext.com/pt/product/equities/US4576422053-BGEM
INNOVATEC,INC,EXGM,"EUR 0,247","-0,80%",17:35 CET,https://live.euronext.com/pt/product/equities/IT0005412298-EXGM
INNOVATIVE RFK SPA,MLIRF,XMLI,"EUR 1,92",-,12 Jan 2026,https://live.euronext.com/pt/product/equities/IT0005391161-XMLI
INPOST,2INPST,MTAH,"EUR 10,93","2,82%",20 Oct 2025,https://live.euronext.com/pt/product/equities/LU2290522684-MTAH
INPOST,INPST,XAMS,"EUR 13,65","1,26%",17:35 CET,https://live.euronext.com/pt/product/equities/LU2290522684-XAMS
INSIGHT ENTERPRISE,1NSIT,BGEM,"EUR 75,98","2,15%",09 Jan 2026,https://live.euronext.com/pt/product/equities/US45765U1034-BGEM
INSMED INC,1INSM,BGEM,"EUR 140,00","0,72%",15:48 CET,https://live.euronext.com/pt/product/equities/US4576693075-BGEM
INSTABANK,INSTA,MERK,"NOK 3,77","1,89%",16:46 CET,https://live.euronext.com/pt/product/equities/NO0010762792-MERK
INSTALLUX,ALLUX,ALXP,"EUR 306,00",-,16:30 CET,https://live.euronext.com/pt/product/equities/FR0000060451-ALXP
Insulet Corp,1PODD,BGEM,"EUR 254,20","2,38%",07 Jan 2026,https://live.euronext.com/pt/product/equities/US45784P1012-BGEM
INTEGRAGEN,ALINT,ALXP,"EUR 0,135","-1,46%",14:53 CET,https://live.euronext.com/pt/product/equities/FR0010908723-ALXP
INTEGRATED WIND SO,IWS,XOSL,"NOK 50,51","-0,12%",16:27 CET,https://live.euronext.com/pt/product/equities/NO0013461350-XOSL
INTEGRITAS VIAGER,MLVIE,XMLI,"EUR 115,00","-8,73%",14 Aug 2023,https://live.euronext.com/pt/product/equities/FR0014003FN0-XMLI
INTEL,1INTC,BGEM,"EUR 40,615","-3,82%",17:35 CET,https://live.euronext.com/pt/product/equities/US4581401001-BGEM
INTEL,4INTC,ETLX,"EUR 41,80","-0,24%",09:41 CET,https://live.euronext.com/pt/product/equities/US4581401001-ETLX
INTEL,2INTC,MTAH,"EUR 42,00","-0,54%",15 Jan 2026,https://live.euronext.com/pt/product/equities/US4581401001-MTAH
Interactive,1IBKR,BGEM,"EUR 56,50","-0,53%",11 Dec 2025,https://live.euronext.com/pt/product/equities/US45841N1072-BGEM
Intercontinental,1ICE,BGEM,"EUR 149,48","2,33%",15 Jan 2026,https://live.euronext.com/pt/product/equities/US45866F1049-BGEM
INTERCOS,ICOS,MTAA,"EUR 12,42","0,16%",17:35 CET,https://live.euronext.com/pt/product/equities/IT0005455875-MTAA
INTERDIGITAL INC,1IDCC,BGEM,"EUR 278,00","2,96%",15 Jan 2026,https://live.euronext.com/pt/product/equities/US45867G1013-BGEM
INTERNAT CARE COMP,ICC,EXGM,"EUR 1,27",-,11:26 CET,https://live.euronext.com/pt/product/equities/IT0005469371-EXGM
INTERNATIONAL C A,4IAG,ETLX,"EUR 4,70","2,02%",09 Oct 2025,https://live.euronext.com/pt/product/equities/ES0177542018-ETLX
INTERNATIONAL C A,1IAG,BGEM,"EUR 4,673","-0,21%",15 Jan 2026,https://live.euronext.com/pt/product/equities/ES0177542018-BGEM
INTERNATIONAL C A,2IAG,MTAH,"EUR 4,513","2,97%",16 Jul 2025,https://live.euronext.com/pt/product/equities/ES0177542018-MTAH
International F&F,1IFF,BGEM,"EUR 58,96","-1,77%",02 Dec 2025,https://live.euronext.com/pt/product/equities/US4595061015-BGEM
International P,1IP,BGEM,"EUR 33,04","-2,10%",02 Dec 2025,https://live.euronext.com/pt/product/equities/US4601461035-BGEM
INTEROIL EXPL PROD,IOX,XOSL,"NOK 0,931","-4,02%",16:25 CET,https://live.euronext.com/pt/product/equities/NO0013119255-XOSL
INTERPARFUMS,2ITP,MTAH,-,-,-,https://live.euronext.com/pt/product/equities/FR0004024222-MTAH
INTERPARFUMS,ITP,XPAR,"EUR 25,52","-1,16%",17:35 CET,https://live.euronext.com/pt/product/equities/FR0004024222-XPAR
INTERPUMP GROUP,2IP,MTAH,"EUR 47,10",-,14 Jan 2026,https://live.euronext.com/pt/product/equities/IT0001078911-MTAH
INTERPUMP GROUP,IP,MTAA,"EUR 48,26","0,12%",17:39 CET,https://live.euronext.com/pt/product/equities/IT0001078911-MTAA
INTESA SANPAOLO,2ISP,MTAH,"EUR 6,008","0,07%",15 Jan 2026,https://live.euronext.com/pt/product/equities/IT0000072618-MTAH
INTESA SANPAOLO,ISP,MTAA,"EUR 5,94","-1,07%",17:39 CET,https://live.euronext.com/pt/product/equities/IT0000072618-MTAA
INTEXA,ITXT,XPAR,"EUR 2,50",-,20 Nov 2025,https://live.euronext.com/pt/product/equities/FR0000064958-XPAR
INTRASENSE,ALINS,ALXP,"EUR 0,23","-4,17%",17:06 CET,https://live.euronext.com/pt/product/equities/FR0011179886-ALXP
INTRED,ITD,EXGM,"EUR 9,90","-0,80%",17:35 CET,https://live.euronext.com/pt/product/equities/IT0005337818-EXGM
INTUIT,2INTU,MTAH,"EUR 485,00","0,32%",15 Jan 2026,https://live.euronext.com/pt/product/equities/US4612021034-MTAH
INTUIT,4INTU,ETLX,"EUR 473,30","-2,07%",15:47 CET,https://live.euronext.com/pt/product/equities/US4612021034-ETLX
INTUIT,1INTU,BGEM,"EUR 462,10","-4,42%",16:59 CET,https://live.euronext.com/pt/product/equities/US4612021034-BGEM
INTUITIVE SURGICAL,4ISRG,ETLX,"EUR 379,80","0,50%",14 Oct 2025,https://live.euronext.com/pt/product/equities/US46120E6023-ETLX
INTUITIVE SURGICAL,1ISRG,BGEM,"EUR 467,15","-0,22%",10:19 CET,https://live.euronext.com/pt/product/equities/US46120E6023-BGEM
INTUITIVE SURGICAL,2ISRG,MTAH,"EUR 458,70","0,25%",22 Oct 2025,https://live.euronext.com/pt/product/equities/US46120E6023-MTAH
INVENTIVA,IVA,XPAR,"EUR 5,71","8,14%",17:35 CET,https://live.euronext.com/pt/product/equities/FR0013233012-XPAR
Invesco Ltd,1IVZ,BGEM,"EUR 25,35","0,80%",16:23 CET,https://live.euronext.com/pt/product/equities/BMG491BT1088-BGEM
IMBAKIN HOLDING,,VPXB,"EUR 0,10","11,11%",06 Jan 2026,https://live.euronext.com/pt/product/equities/BE6264882406-VPXB
LEVI STRAUSS & CO,4LEVI,ETLX,"EUR 18,525","-1,07%",12:19 CET,https://live.euronext.com/pt/product/equities/US52736R1023-ETLX
LEVI STRAUSS&CO,2LEVI,MTAH,"EUR 18,395","-0,38%",19 Dec 2025,https://live.euronext.com/pt/product/equities/US52736R1023-MTAH
MFE B,MFEB,MTAA,"EUR 4,026","-0,40%",17:35 CET,https://live.euronext.com/pt/product/equities/NL0015001OJ9-MTAA
MFE B,2MFEB,MTAH,"EUR 4,078","1,65%",14 Jan 2026,https://live.euronext.com/pt/product/equities/NL0015001OJ9-MTAH
MG INTERNATIONAL,ALMGI,ALXP,"EUR 2,42","3,42%",16:30 CET,https://live.euronext.com/pt/product/equities/FR0010204453-ALXP
MGI DIGITAL GRAPHI,ALMDG,ALXP,"EUR 9,30","0,22%",17:26 CET,https://live.euronext.com/pt/product/equities/FR0010353888-ALXP
MGM Resorts Int,1MGM,BGEM,"EUR 27,80","-0,16%",04 Nov 2025,https://live.euronext.com/pt/product/equities/US5529531015-BGEM
MICHELIN,ML,XPAR,"EUR 30,07","-0,79%",17:35 CET,https://live.euronext.com/pt/product/equities/FR001400AJ45-XPAR
MICROCHIP TECHNOL,4MCHP,ETLX,"EUR 59,00","2,18%",12 Dec 2025,https://live.euronext.com/pt/product/equities/US5950171042-ETLX
MICROCHIP TECHNOL,2MCHP,MTAH,"EUR 62,71","0,43%",07 Jan 2026,https://live.euronext.com/pt/product/equities/US5950171042-MTAH
MICROCHIP TECHNOL,1MCHP,BGEM,"EUR 64,24","-0,23%",17:21 CET,https://live.euronext.com/pt/product/equities/US5950171042-BGEM
MICRON TECHNOLOGY,2MT,MTAH,"EUR 293,25","-0,95%",15 Jan 2026,https://live.euronext.com/pt/product/equities/US5951121038-MTAH
MICRON TECHNOLOGY,1MU,BGEM,"EUR 306,50","3,53%",17:35 CET,https://live.euronext.com/pt/product/equities/US5951121038-BGEM
MICRON TECHNOLOGY,4MU,ETLX,"EUR 291,00","-0,78%",14 Jan 2026,https://live.euronext.com/pt/product/equities/US5951121038-ETLX
MICROSOFT CORP,4MSFT,ETLX,"EUR 394,50","-0,72%",13:08 CET,https://live.euronext.com/pt/product/equities/US5949181045-ETLX
MICROSOFT CORP,2MSFT,MTAH,"EUR 396,70","0,14%",15 Jan 2026,https://live.euronext.com/pt/product/equities/US5949181045-MTAH
MICROSOFT CORP,1MSFT,BGEM,"EUR 397,20","0,27%",17:35 CET,https://live.euronext.com/pt/product/equities/US5949181045-BGEM
MICS PARTNERS,,VPXB,-,-,-,https://live.euronext.com/pt/product/equities/BE0010610377-VPXB
MIGUET ET ASSOCIES,MLNMA,XMLI,"EUR 0,058","-3,33%",16:30 CET,https://live.euronext.com/pt/product/equities/FR0010500363-XMLI
MIKO,MIKO,XBRU,"EUR 59,00","-1,34%",16:39 CET,https://live.euronext.com/pt/product/equities/BE0003731453-XBRU
MILIBOO,ALMLB,ALXP,"EUR 1,91","-4,26%",17:07 CET,https://live.euronext.com/pt/product/equities/FR0013053535-ALXP
MINCON GROUP PLC,MIO,XESM,"EUR 0,52","4,00%",16:30 GMT,https://live.euronext.com/pt/product/equities/IE00BD64C665-XESM
MINT,ALMIN,ALXP,"EUR 5,24","-0,76%",17:35 CET,https://live.euronext.com/pt/product/equities/FR0004172450-ALXP
MISITANO STRACUZZI,MS,EXGM,"EUR 2,06","-4,19%",17:37 CET,https://live.euronext.com/pt/product/equities/IT0005603078-EXGM
MIT SIM,MTS,EXGM,"EUR 1,88",-,15 Jan 2026,https://live.euronext.com/pt/product/equities/IT0005427510-EXGM
MKB Nedsense,NEDSE,XAMS,"EUR 0,193",-,16:44 CET,https://live.euronext.com/pt/product/equities/NL0009312842-XAMS
MKS INSTRUMENTS IN,1MKSI,BGEM,"EUR 126,75","1,81%",20 Nov 2025,https://live.euronext.com/pt/product/equities/US55306N1046-BGEM
MODERNA,4MRNA,ETLX,"EUR 35,64","4,00%",15:45 CET,https://live.euronext.com/pt/product/equities/US60770K1079-ETLX
MODERNA,1MRNA,BGEM,"EUR 35,98","4,28%",17:35 CET,https://live.euronext.com/pt/product/equities/US60770K1079-BGEM
MODERNA,2MRNA,MTAH,"EUR 35,70","3,46%",15 Jan 2026,https://live.euronext.com/pt/product/equities/US60770K1079-MTAH
MODINE MANUFACTURI,1MOD,BGEM,"EUR 107,50","-4,19%",14 Jan 2026,https://live.euronext.com/pt/product/equities/US6078281002-BGEM
Mohawk Ind,1MHK,BGEM,"EUR 103,00","4,04%",25 Jul 2025,https://live.euronext.com/pt/product/equities/US6081901042-BGEM
Molina Healthcare,1MOH,BGEM,"EUR 165,75","-0,15%",15:45 CET,https://live.euronext.com/pt/product/equities/US60855R1005-BGEM
Molson Coors Bev,1TAP,BGEM,"EUR 43,10","-0,99%",13:36 CET,https://live.euronext.com/pt/product/equities/US60871R2094-BGEM
MOLTIPLY GROUP,MOL,MTAA,"EUR 37,45","-0,40%",17:35 CET,https://live.euronext.com/pt/product/equities/IT0004195308-MTAA
MON COURTIER ENERG,ALMCE,ALXP,"EUR 4,68","-1,68%",12:03 CET,https://live.euronext.com/pt/product/equities/FR001400H3A0-ALXP
MONCEY (FIN.) NOM.,FMONC,XPAR,"EUR 125,50","-1,57%",17:35 CET,https://live.euronext.com/pt/product/equities/FR001400SU99-XPAR
MONCLER,MONC,MTAA,"EUR 51,00","-0,82%",17:35 CET,https://live.euronext.com/pt/product/equities/IT0004965148-MTAA
MONCLER,2MONC,MTAH,"EUR 51,60","0,35%",15 Jan 2026,https://live.euronext.com/pt/product/equities/IT0004965148-MTAH
MONDADORI EDIT,MN,MTAA,"EUR 2,115","-2,08%",17:35 CET,https://live.euronext.com/pt/product/equities/IT0001469383-MTAA
MONDELEZ INTERN,2MDLZ,MTAH,"EUR 60,39","0,45%",18 Jul 2025,https://live.euronext.com/pt/product/equities/US6092071058-MTAH
MONDELEZ INTERN,4MDLZ,ETLX,"EUR 54,28","0,18%",26 Sep 2025,https://live.euronext.com/pt/product/equities/US6092071058-ETLX
MONDELEZ INTERN,1MDLZ,BGEM,"EUR 49,26","1,16%",15 Jan 2026,https://live.euronext.com/pt/product/equities/US6092071058-BGEM
MONDO TV,MTV,MTAA,"EUR 0,067","-2,05%",17:35 CET,https://live.euronext.com/pt/product/equities/IT0001447785-MTAA
MONDO TV FRANCE,MTVFR,EXGM,"EUR 0,028","3,70%",10:13 CET,https://live.euronext.com/pt/product/equities/FR0014011ND8-EXGM
MongoDB Inc,1MDB,BGEM,"EUR 337,30","1,47%",09:00 CET,https://live.euronext.com/pt/product/equities/US60937P1066-BGEM
MONNALISA,MNL,EXGM,"EUR 0,88","-2,22%",17:28 CET,https://live.euronext.com/pt/product/equities/IT0005338139-EXGM
Monolithic Power,1MPWR,BGEM,"EUR 890,40","-0,20%",15:54 CET,https://live.euronext.com/pt/product/equities/US6098391054-BGEM
Monster Beverage,1MNST,BGEM,"EUR 67,23","-1,10%",12:08 CET,https://live.euronext.com/pt/product/equities/US61174X1090-BGEM
MONTEA,MONT,"XBRU, XPAR","EUR 74,10",-,17:35 CET,https://live.euronext.com/pt/product/equities/BE0003853703-XBRU
MONTEPINO LOGISTIC,MLMTP,XMLI,"EUR 10,20","2,00%",09 Jan 2026,https://live.euronext.com/pt/product/equities/ES0105549002-XMLI
MONUMENTAL RES,MLMR,ENXL,"EUR 0,994",-,23 May 2019,https://live.euronext.com/pt/product/equities/PTMNN0AE0006-ENXL
Moody's Corp,1MCO,BGEM,"EUR 467,00","1,97%",15 Jan 2026,https://live.euronext.com/pt/product/equities/US6153691059-BGEM
MOPOLI,MOP,XBRU,"EUR 286,00","-0,69%",08 Jan 2026,https://live.euronext.com/pt/product/equities/NL0000488153-XBRU
MOPOLI FOND,MOPF,XBRU,"EUR 9 900,00","4,21%",02 Jan 2026,https://live.euronext.com/pt/product/equities/NL0000488161-XBRU
MOREFIELD GROUP,MORE,XAMS,"EUR 0,77",-,17:10 CET,https://live.euronext.com/pt/product/equities/CWN814651014-XAMS
MORELD,MORLD,XOSL,"NOK 16,88","0,48%",16:25 CET,https://live.euronext.com/pt/product/equities/NO0013325506-XOSL
MORGAN STANLEY,1MS,BGEM,"EUR 164,68","0,38%",15:59 CET,https://live.euronext.com/pt/product/equities/US6174464486-BGEM
MORGAN STANLEY,2MS,MTAH,"EUR 168,96","2,99%",15 Jan 2026,https://live.euronext.com/pt/product/equities/US6174464486-MTAH
MORGAN STANLEY,4MS,ETLX,"EUR 156,52","1,58%",12 Dec 2025,https://live.euronext.com/pt/product/equities/US6174464486-ETLX
Mosaic Co/The,1MOS,BGEM,"EUR 23,985",-,15 Jan 2026,https://live.euronext.com/pt/product/equities/US61945C1036-BGEM
MOTA ENGIL,2EGL,MTAH,-,-,-,https://live.euronext.com/pt/product/equities/PTMEN0AE0005-MTAH
MOTA ENGIL,EGL,XLIS,"EUR 5,095","0,89%",16:35 WET,https://live.euronext.com/pt/product/equities/PTMEN0AE0005-XLIS
MOTORK,MTRK,XAMS,"EUR 3,99","2,05%",17:15 CET,https://live.euronext.com/pt/product/equities/GB00BMXH3352-XAMS
MOTOROLA SOLUTIONS,2MSI,MTAH,"EUR 459,60","-0,69%",19 Nov 2024,https://live.euronext.com/pt/product/equities/US6200763075-MTAH
MOTOROLA SOLUTIONS,4MSI,ETLX,"EUR 365,90","0,55%",09 May 2025,https://live.euronext.com/pt/product/equities/US6200763075-ETLX
MOTOROLA SOLUTIONS,1MSI,BGEM,"EUR 339,20","-0,09%",15:46 CET,https://live.euronext.com/pt/product/equities/US6200763075-BGEM
MOULINVEST,ALMOU,ALXP,"EUR 23,10","0,43%",17:35 CET,https://live.euronext.com/pt/product/equities/FR0011033083-ALXP
MOURY CONSTRUCT,MOUR,XBRU,"EUR 572,00","-1,38%",16:30 CET,https://live.euronext.com/pt/product/equities/BE0003602134-XBRU
MOWI,MOWI,XOSL,"NOK 223,40","-4,04%",16:27 CET,https://live.euronext.com/pt/product/equities/NO0003054108-XOSL
MP MATERIALS CORP,1MP,BGEM,"EUR 60,00","3,09%",17:06 CET,https://live.euronext.com/pt/product/equities/US5533681012-BGEM
MPC CONTAINER SHIP,MPCC,XOSL,"NOK 18,255","1,19%",16:25 CET,https://live.euronext.com/pt/product/equities/NO0010791353-XOSL
MPC ENERGY SOLUTIO,MPCES,MERK,"NOK 13,15","1,15%",15:46 CET,https://live.euronext.com/pt/product/equities/NL0015268814-MERK
MR BRICOLAGE,ALMRB,ALXP,"EUR 5,90","-0,34%",17:39 CET,https://live.euronext.com/pt/product/equities/FR0004034320-ALXP
MSCI Inc,1MSCI,BGEM,"EUR 502,40","1,03%",13 Jan 2026,https://live.euronext.com/pt/product/equities/US55354G1004-BGEM
MTU AERO ENGINES,4MTX,ETLX,"EUR 391,40","-1,24%",09 Oct 2025,https://live.euronext.com/pt/product/equities/DE000A0D9PT0-ETLX
MTU AERO ENGINES,1MTX,BGEM,"EUR 385,00","-0,21%",15 Jan 2026,https://live.euronext.com/pt/product/equities/DE000A0D9PT0-BGEM
MTU AERO ENGINES,2MTX,MTAH,"EUR 364,50","2,97%",10 Dec 2025,https://live.euronext.com/pt/product/equities/DE000A0D9PT0-MTAH
MULTICONSULT,MULTI,XOSL,"NOK 172,00","0,88%",16:25 CET,https://live.euronext.com/pt/product/equities/NO0010734338-XOSL
MUNIC,ALMUN,ALXP,"EUR 0,974","-2,60%",17:28 CET,https://live.euronext.com/pt/product/equities/FR0013462231-ALXP
MUNICH RE,2MUV2,MTAH,"EUR 599,40","3,99%",24 Jul 2025,https://live.euronext.com/pt/product/equities/DE0008430026-MTAH
MUNICH RE,4MUV2,ETLX,"EUR 518,40","-0,08%",25 Sep 2025,https://live.euronext.com/pt/product/equities/DE0008430026-ETLX
MUNICH RE,1MUV2,BGEM,"EUR 521,20","-0,57%",09:45 CET,https://live.euronext.com/pt/product/equities/DE0008430026-BGEM
Munters Group,1MTRS,BGEM,"EUR 16,03","4,98%",04 Dec 2025,https://live.euronext.com/pt/product/equities/SE0009806607-BGEM
MUTTER VENTURES,MLMUT,XMLI,"EUR 3,50",-,03 Jan 2025,https://live.euronext.com/pt/product/equities/ES0105697009-XMLI
Mycronic,1MYCR,BGEM,"EUR 19,87","-0,32%",10 Oct 2025,https://live.euronext.com/pt/product/equities/SE0025158629-BGEM
MYHOTELMATCH,MHM,XPAR,"EUR 0,288",-,17:35 CET,https://live.euronext.com/pt/product/equities/FR001400IE67-XPAR
MÅSØVAL,MAS,MERK,"NOK 24,80","-1,98%",16:25 CET,https://live.euronext.com/pt/product/equities/NO0010974983-MERK
NACON,NACON,XPAR,"EUR 0,513","3,43%",17:35 CET,https://live.euronext.com/pt/product/equities/FR0013482791-XPAR
NAI ORD SHARES,NAI,XAMS,"EUR 8,95",-,13:39 CET,https://live.euronext.com/pt/product/equities/NL0015000CG2-XAMS
NAI TREAS SHARES,NAITR,XAMS,-,-,-,https://live.euronext.com/pt/product/equities/NL0015000CF4-XAMS
NAI WARRANTS,NAIW,XAMS,"EUR 0,0124","-67,37%",15 Dec 2025,https://live.euronext.com/pt/product/equities/NL0015000CH0-XAMS
NAMR,ALNMR,ALXP,"EUR 0,23","-7,63%",16 Jun 2025,https://live.euronext.com/pt/product/equities/FR0014003J32-ALXP
NANOBIOTIX,NANO,XPAR,"EUR 18,48","0,54%",17:35 CET,https://live.euronext.com/pt/product/equities/FR0011341205-XPAR
NAPATECH,NAPA,XOSL,"NOK 31,90","0,95%",16:25 CET,https://live.euronext.com/pt/product/equities/DK0060520450-XOSL
Nasdaq Inc,1NDAQ,BGEM,"EUR 86,42","-0,55%",15:31 CET,https://live.euronext.com/pt/product/equities/US6311031081-BGEM
NATURGY ENERGY GR,2NTGY,MTAH,"EUR 22,66","-2,91%",29 Oct 2024,https://live.euronext.com/pt/product/equities/ES0116870314-MTAH
NATURGY ENERGY GR,1NTGY,BGEM,"EUR 25,70","1,50%",14 Jan 2026,https://live.euronext.com/pt/product/equities/ES0116870314-BGEM
NATURGY ENERGY GR,4NTGY,ETLX,"EUR 24,74","1,06%",12 Dec 2025,https://live.euronext.com/pt/product/equities/ES0116870314-ETLX
NAVAMEDIC,NAVA,XOSL,"NOK 21,80","-0,46%",16:28 CET,https://live.euronext.com/pt/product/equities/NO0010205966-XOSL
NEDAP,NEDAP,XAMS,"EUR 90,90","-1,20%",17:35 CET,https://live.euronext.com/pt/product/equities/NL0000371243-XAMS
NEKKAR,NKR,XOSL,"NOK 12,60","-0,79%",16:25 CET,https://live.euronext.com/pt/product/equities/NO0003049405-XOSL
MFE B,MFEB,MTAA,"EUR 4,026","-0,40%",17:35 CET,https://live.euronext.com/pt/product/equities/NL0015001OJ9-MTAA
NEL,NEL,XOSL,"NOK 2,306","2,04%",16:25 CET,https://live.euronext.com/pt/product/equities/NO0010081235-XOSL
NEMETSCHEK,2NEMX,MTAH,"EUR 125,30","2,87%",11 Feb 2025,https://live.euronext.com/pt/product/equities/DE0006452907-MTAH
NEMETSCHEK,4NEMX,ETLX,"EUR 124,80","1,79%",19 Aug 2025,https://live.euronext.com/pt/product/equities/DE0006452907-ETLX
NORWEGIAN AIR SHUT,NAS,XOSL,"NOK 16,075","-1,86%",16:26 CET,https://live.euronext.com/pt/product/equities/NO0010196140-XOSL
NORWEGIAN BLOCK EX,NBX,MERK,"NOK 0,45","-3,02%",16:25 CET,https://live.euronext.com/pt/product/equities/NO0010984966-MERK
ORDISSIMO,ALORD,ALXP,"EUR 0,491","-4,48%",17:19 CET,https://live.euronext.com/pt/product/equities/FR0013318052-ALXP
OREGE,OREGE,XPAR,"EUR 0,29","-0,68%",16:43 CET,https://live.euronext.com/pt/product/equities/FR0010609206-XPAR
PHILIP MORRIS INT,2PM,MTAH,"EUR 162,62","2,98%",26 May 2025,https://live.euronext.com/pt/product/equities/US7181721090-MTAH
PROTECTOR FORSIKRG,PROT,XOSL,"NOK 538,00","0,75%",16:25 CET,https://live.euronext.com/pt/product/equities/NO0010209331-XOSL
SAMBA DIGITAL,ALSMB,ALXL,"EUR 14,50",-,05 Jan 2026,https://live.euronext.com/pt/product/equities/PTDGL0AM0003-ALXL
SIEMENS ENERGY,4ENR,ETLX,"EUR 129,05","1,94%",15 Jan 2026,https://live.euronext.com/pt/product/equities/DE000ENER6Y0-ETLX
SIEMENS HEALTH,2SHL,MTAH,"EUR 48,45","2,98%",14 Jan 2026,https://live.euronext.com/pt/product/equities/DE000SHL1006-MTAH
SIEMENS HEALTH,4SHL,ETLX,"EUR 45,20","-2,36%",13 Jun 2025,https://live.euronext.com/pt/product/equities/DE000SHL1006-ETLX
SOLVAY (CP 41),,VPXB,"EUR 48,00",-,30 May 2017,https://live.euronext.com/pt/product/equities/BE0099887748-VPXB
Solventum Corp,1SOLV,BGEM,"EUR 69,00","0,29%",06 Jan 2026,https://live.euronext.com/pt/product/equities/US83444M1018-BGEM
The Campbell's C,1CPB,BGEM,"EUR 22,57","-0,57%",14 Jan 2026,https://live.euronext.com/pt/product/equities/US1344291091-BGEM
THE CLOROX COMPANY,1CLX,BGEM,"EUR 94,50","-1,05%",15:43 CET,https://live.euronext.com/pt/product/equities/US1890541097-BGEM
THE CLOROX COMPANY,4CLX,ETLX,"EUR 87,50","2,34%",05 Jan 2026,https://live.euronext.com/pt/product/equities/US1890541097-ETLX
THE CLOROX COMPANY,2CLX,MTAH,"EUR 140,00",-,07 Mar 2025,https://live.euronext.com/pt/product/equities/US1890541097-MTAH
THE COCA-COLA COMP,4KO,ETLX,"EUR 61,34","0,02%",12:34 CET,https://live.euronext.com/pt/product/equities/US1912161007-ETLX
THE COCA-COLA COMP,2KO,MTAH,"EUR 61,30","-0,08%",14 Jan 2026,https://live.euronext.com/pt/product/equities/US1912161007-MTAH
THE COCA-COLA COMP,1KO,BGEM,"EUR 60,73","-1,01%",17:35 CET,https://live.euronext.com/pt/product/equities/US1912161007-BGEM
THE ITALIAN SEA G,TISG,MTAA,"EUR 4,75","-0,31%",17:35 CET,https://live.euronext.com/pt/product/equities/IT0005439085-MTAA
THE KINGFISH COMP,KING,MERK,"NOK 4,50","5,63%",16:13 CET,https://live.euronext.com/pt/product/equities/NL00150001S5-MERK
THE KRAFT HEINZ,2KHC,MTAH,"EUR 19,966","-1,18%",13 Jan 2026,https://live.euronext.com/pt/product/equities/US5007541064-MTAH
THE KRAFT HEINZ,4KHC,ETLX,"EUR 21,34","1,21%",05 Nov 2025,https://live.euronext.com/pt/product/equities/US5007541064-ETLX
THE KRAFT HEINZ,1KHC,BGEM,"EUR 20,38","-1,93%",17:29 CET,https://live.euronext.com/pt/product/equities/US5007541064-BGEM
THE NAVIGATOR COMP,NVG,XLIS,"EUR 3,272","-0,55%",16:35 WET,https://live.euronext.com/pt/product/equities/PTPTI0AM0006-XLIS
THE SOUTHERN COMP,1SO,BGEM,"EUR 75,75","2,23%",14 Jan 2026,https://live.euronext.com/pt/product/equities/US8425871071-BGEM
THE SOUTHERN COMP,4SO,ETLX,"EUR 74,24","-3,04%",04 Dec 2025,https://live.euronext.com/pt/product/equities/US8425871071-ETLX
THE SOUTHERN COMP,2SO,MTAH,"EUR 76,16","0,87%",14 Jan 2026,https://live.euronext.com/pt/product/equities/US8425871071-MTAH
THE TRAVELERS COMP,1TRV,BGEM,"EUR 223,50","-5,78%",14 Jan 2026,https://live.euronext.com/pt/product/equities/US89417E1091-BGEM
THE TRAVELERS COMP,2TRVC,MTAH,"EUR 232,60","0,69%",21 Oct 2025,https://live.euronext.com/pt/product/equities/US89417E1091-MTAH
THE TRAVELERS COMP,4TRV,ETLX,"EUR 235,30","-0,59%",20 Jan 2025,https://live.euronext.com/pt/product/equities/US89417E1091-ETLX
THE WALT DISNEY,2DIS,MTAH,"EUR 92,00","0,52%",01 Dec 2025,https://live.euronext.com/pt/product/equities/US2546871060-MTAH
THE WALT DISNEY,4DIS,ETLX,"EUR 95,17","-2,43%",08 Jan 2026,https://live.euronext.com/pt/product/equities/US2546871060-ETLX
THE WALT DISNEY,1DIS,BGEM,"EUR 97,30","-0,41%",17:13 CET,https://live.euronext.com/pt/product/equities/US2546871060-BGEM
THEON INTERNAT,THEON,XAMS,"EUR 32,60","3,00%",17:35 CET,https://live.euronext.com/pt/product/equities/CY0200751713-XAMS
THERACLION,ALTHE,ALXP,"EUR 0,592","-1,33%",14:41 CET,https://live.euronext.com/pt/product/equities/FR0010120402-ALXP
THERMADOR GROUPE,THEP,XPAR,"EUR 75,30","-5,16%",17:35 CET,https://live.euronext.com/pt/product/equities/FR0013333432-XPAR
THERMO FISHER SC,2TMO,MTAH,"EUR 502,30","0,30%",11 Nov 2025,https://live.euronext.com/pt/product/equities/US8835561023-MTAH
THERMO FISHER SC,4TMO,ETLX,"EUR 487,40","1,10%",22 Oct 2025,https://live.euronext.com/pt/product/equities/US8835561023-ETLX
THERMO FISHER SC,1TMO,BGEM,"EUR 535,40","-0,22%",15:36 CET,https://live.euronext.com/pt/product/equities/US8835561023-BGEM
THOR MEDICAL,TRMED,XOSL,"NOK 4,93","1,03%",16:27 CET,https://live.euronext.com/pt/product/equities/NO0010597883-XOSL
Thule Group AB,1THUL,BGEM,"EUR 23,74","4,86%",27 Oct 2025,https://live.euronext.com/pt/product/equities/SE0006422390-BGEM
THX PHARMA,ALTHX,ALXP,"EUR 1,915","-2,30%",17:35 CET,https://live.euronext.com/pt/product/equities/FR0013286259-ALXP
THYSSENKRUPP,2TKA,MTAH,"EUR 10,36","0,44%",09 Jan 2026,https://live.euronext.com/pt/product/equities/DE0007500001-MTAH
THYSSENKRUPP,4TKA,ETLX,"EUR 10,65","-0,05%",13 Jan 2026,https://live.euronext.com/pt/product/equities/DE0007500001-ETLX
THYSSENKRUPP,1TKA,BGEM,"EUR 10,33","-0,72%",17:20 CET,https://live.euronext.com/pt/product/equities/DE0007500001-BGEM
TIETOEVRY,TIETO,XOSL,"NOK 219,40","-0,81%",14:25 CET,https://live.euronext.com/pt/product/equities/FI0009000277-XOSL
TIKEHAU CAPITAL,TKO,XPAR,"EUR 16,22","-3,22%",17:35 CET,https://live.euronext.com/pt/product/equities/FR0013230612-XPAR
TINC,TINC,XBRU,"EUR 10,66","0,76%",17:35 CET,https://live.euronext.com/pt/product/equities/BE0974282148-XBRU
TINDE SPAREBANK,TINDE,MERK,"NOK 118,50","0,85%",14:36 CET,https://live.euronext.com/pt/product/equities/NO0010759988-MERK
TINEXTA,TNXT,MTAA,"EUR 15,14","-0,26%",17:35 CET,https://live.euronext.com/pt/product/equities/IT0005037210-MTAA
TISSAGES BRUGGEMAN,,VPXB,"EUR 39,07","7,63%",29 Sep 2015,https://live.euronext.com/pt/product/equities/BE0036061746-VPXB
TITAN S.A.,TITC,"XBRU, XPAR","EUR 54,60","-1,27%",17:38 CET,https://live.euronext.com/pt/product/equities/BE0974338700-XBRU
TJX COMPANIES INC,4TJX,ETLX,"EUR 116,70","1,60%",15 May 2025,https://live.euronext.com/pt/product/equities/US8725401090-ETLX
TJX COMPANIES INC,1TJX,BGEM,"EUR 134,62","-0,31%",14 Jan 2026,https://live.euronext.com/pt/product/equities/US8725401090-BGEM
TJX COMPANIES INC,2TJX,MTAH,"EUR 123,88","0,10%",21 Oct 2025,https://live.euronext.com/pt/product/equities/US8725401090-MTAH
TKH GROUP,2TWEKA,MTAH,-,-,-,https://live.euronext.com/pt/product/equities/NL0000852523-MTAH
TKH GROUP,TWEKA,XAMS,"EUR 37,18","-0,96%",17:35 CET,https://live.euronext.com/pt/product/equities/NL0000852523-XAMS
TME PHARMA,ALTME,ALXP,"EUR 0,0614","0,16%",17:35 CET,https://live.euronext.com/pt/product/equities/NL0015000YE1-ALXP
TMP GROUP,TMP,EXGM,"EUR 4,56","-2,98%",17:07 CET,https://live.euronext.com/pt/product/equities/IT0005531238-EXGM
TOAST INC-CLASS A,1TOST,BGEM,"EUR 30,36","-0,46%",15 Jan 2026,https://live.euronext.com/pt/product/equities/US8887871080-BGEM
TOLL BROTHERS INC,1TOL,BGEM,"EUR 125,20","-4,28%",14 Jan 2026,https://live.euronext.com/pt/product/equities/US8894781033-BGEM
TOMRA SYSTEMS,TOM,XOSL,"NOK 132,20","-0,23%",16:25 CET,https://live.euronext.com/pt/product/equities/NO0012470089-XOSL
TOMTOM,TOM2,XAMS,"EUR 6,80",-,17:35 CET,https://live.euronext.com/pt/product/equities/NL0013332471-XAMS
TONNER DRONES,ALTD,ALXP,"EUR 0,0285","-0,70%",17:35 CET,https://live.euronext.com/pt/product/equities/FR001400H2X4-ALXP
TONNER DRONES BSA,TDBS,ALXP,"EUR 0,0114","-3,39%",13:54 CET,https://live.euronext.com/pt/product/equities/FR001400RIB4-ALXP
TOOSLA,ALTOO,ALXP,"EUR 0,082","-1,44%",17:26 CET,https://live.euronext.com/pt/product/equities/FR00140062B9-ALXP
TOSCANA AEROPORTI,TYA,MTAA,"EUR 18,80",-,14:10 CET,https://live.euronext.com/pt/product/equities/IT0000214293-MTAA
TOTALENERGIES,2TTE,MTAH,"EUR 53,85","2,96%",06 Jun 2025,https://live.euronext.com/pt/product/equities/FR0000120271-MTAH
TOTALENERGIES,TTE,"XPAR, XBRU","EUR 56,80","0,11%",17:36 CET,https://live.euronext.com/pt/product/equities/FR0000120271-XPAR
TOTALENERGIES,4TTE,ETLX,"EUR 57,00","0,76%",13:33 CET,https://live.euronext.com/pt/product/equities/FR0000120271-ETLX
TotalEnergiesGabon,EC,XPAR,"EUR 183,50","-0,81%",17:35 CET,https://live.euronext.com/pt/product/equities/GA0000121459-XPAR
TOUAX,ALTOU,ALXP,"EUR 4,44","-0,22%",16:40 CET,https://live.euronext.com/pt/product/equities/FR0000033003-ALXP
TOUR EIFFEL,EIFF,XPAR,"EUR 4,25","-0,93%",17:00 CET,https://live.euronext.com/pt/product/equities/FR0000036816-XPAR
TOYOTA CAETANO,SCT,XLIS,"EUR 6,40",-,15:30 WET,https://live.euronext.com/pt/product/equities/PTSCT0AP0018-XLIS
TPG INC,1TPG,BGEM,"EUR 48,00","-0,83%",14 Oct 2025,https://live.euronext.com/pt/product/equities/US8726571016-BGEM
TPS,TPS,EXGM,"EUR 8,00",-,13:49 CET,https://live.euronext.com/pt/product/equities/IT0005246142-EXGM
TRACTIAL,ALTRA,ALXP,"EUR 3,15","0,32%",17:28 CET,https://live.euronext.com/pt/product/equities/FR0014014ZV8-ALXP
Tractor Supply Co,1TSCO,BGEM,"EUR 43,43","-0,33%",15:15 CET,https://live.euronext.com/pt/product/equities/US8923561067-BGEM
Trade Desk,1TTD,BGEM,"EUR 30,85","-0,88%",16:11 CET,https://live.euronext.com/pt/product/equities/US88339J1051-BGEM
TRADELAB,TRAI,EXGM,"EUR 3,52","4,14%",12:46 CET,https://live.euronext.com/pt/product/equities/IT0005651507-EXGM
Trane Tech,1TTH,BGEM,"EUR 331,50","2,09%",09 Jan 2026,https://live.euronext.com/pt/product/equities/IE00BK9ZQ967-BGEM
TRANSDIGM GROUP IN,1TDG,BGEM,"EUR 1 191,50","-1,81%",07 Jan 2026,https://live.euronext.com/pt/product/equities/US8936411003-BGEM
TRANSGENE,TNG,XPAR,"EUR 0,95","-1,45%",17:35 CET,https://live.euronext.com/pt/product/equities/FR0005175080-XPAR
TRANSMEDICS GROUP,1TMDX,BGEM,"EUR 106,00","1,10%",02 Jan 2026,https://live.euronext.com/pt/product/equities/US89377M1099-BGEM
TRANSUNION,1TRU,BGEM,"EUR 74,00","2,07%",13 Jan 2026,https://live.euronext.com/pt/product/equities/US89400J1079-BGEM
TRATON,28TRA,MTAH,-,-,-,https://live.euronext.com/pt/product/equities/DE000TRAT0N7-MTAH
TRATON,48TRA,ETLX,"EUR 26,28","1,31%",20 Oct 2025,https://live.euronext.com/pt/product/equities/DE000TRAT0N7-ETLX
TRATON,18TRA,BGEM,"EUR 31,40","-1,07%",09 Jan 2026,https://live.euronext.com/pt/product/equities/DE000TRAT0N7-BGEM
TRAWELL CO,TWL,EXGM,"EUR 6,05","0,83%",11:03 CET,https://live.euronext.com/pt/product/equities/IT0005378325-EXGM
TRENDEVICE,TD,EXGM,"EUR 0,079","-7,06%",13 Jun 2025,https://live.euronext.com/pt/product/equities/IT0005422792-EXGM
TREVI FIN IND,TFIN,MTAA,"EUR 0,693","0,29%",17:35 CET,https://live.euronext.com/pt/product/equities/IT0005422768-MTAA
TRIBOO,TB,MTAA,"EUR 0,402","0,25%",15:46 CET,https://live.euronext.com/pt/product/equities/IT0005001554-MTAA
TRIGANO,TRI,XPAR,"EUR 176,00","-1,24%",17:35 CET,https://live.euronext.com/pt/product/equities/FR0005691656-XPAR
TRIGANO,2TRI,MTAH,-,-,-,https://live.euronext.com/pt/product/equities/FR0005691656-MTAH
TRILOGIQ,ALTRI,ALXP,"EUR 5,25","-0,94%",14 Jan 2026,https://live.euronext.com/pt/product/equities/FR0010397901-ALXP
Trimble Inc,1TRMB,BGEM,"EUR 68,86","2,68%",21 Oct 2025,https://live.euronext.com/pt/product/equities/US8962391004-BGEM
TRIODOS BANK,TRIO,XAMS,"EUR 29,79","-0,70%",17:35 CET,https://live.euronext.com/pt/product/equities/NL0010407946-XAMS
TRIPADVISOR,1TRIP,BGEM,"EUR 11,65","-1,65%",17:14 CET,https://live.euronext.com/pt/product/equities/US8969452015-BGEM
TRIPADVISOR,2TRIP,MTAH,"EUR 11,845","-0,55%",19 Dec 2025,https://live.euronext.com/pt/product/equities/US8969452015-MTAH
TRIPADVISOR,4TRIP,ETLX,"EUR 11,77","0,04%",30 Dec 2025,https://live.euronext.com/pt/product/equities/US8969452015-ETLX
TROC ILE,MLTRO,XMLI,"EUR 2,48","25,89%",27 Oct 2025,https://live.euronext.com/pt/product/equities/FR0000031106-XMLI
TRUIST FINL CORP.,4TFC,ETLX,"EUR 40,665","-0,79%",05 Dec 2025,https://live.euronext.com/pt/product/equities/US89832Q1094-ETLX
TRUIST FINL CORP.,1TFC,BGEM,"EUR 43,535","0,30%",08 Jan 2026,https://live.euronext.com/pt/product/equities/US89832Q1094-BGEM
TRUIST FINL CORP.,2TFC,MTAH,"EUR 45,22",-,28 Jan 2025,https://live.euronext.com/pt/product/equities/US89832Q1094-MTAH
TRØNDELAG SPBK,TRSB,XOSL,"NOK 113,00","-1,74%",16:05 CET,https://live.euronext.com/pt/product/equities/NO0010788268-XOSL
TUBIZE (ATTR),TUBAT,VPXB,"EUR 0,10","-63,24%",15 Apr 2025,https://live.euronext.com/pt/product/equities/BE0099967573-VPXB
TUBIZE-FIN,TUB,XBRU,"EUR 235,50","2,17%",17:35 CET,https://live.euronext.com/pt/product/equities/BE0003823409-XBRU
TUI,2TUI1U,MTAH,"EUR 8,248","-2,96%",10 Feb 2025,https://live.euronext.com/pt/product/equities/DE000TUAG505-MTAH
TUI,1TUI1U,BGEM,"EUR 8,98",-,16:03 CET,https://live.euronext.com/pt/product/equities/DE000TUAG505-BGEM
TUI,4TUI1U,ETLX,"EUR 8,958","-3,97%",12 Jan 2026,https://live.euronext.com/pt/product/equities/DE000TUAG505-ETLX
TWIST BIOSCIENCE C,1TWST,BGEM,"EUR 33,48","-1,56%",14 Jan 2026,https://live.euronext.com/pt/product/equities/US90184D1000-BGEM
The Campbell's C,1CPB,BGEM,"EUR 22,57","-0,57%",14 Jan 2026,https://live.euronext.com/pt/product/equities/US1344291091-BGEM
VANTAGE DRILLING I,VDI,MERK,"NOK 166,00","3,11%",14 Jan 2026,https://live.euronext.com/pt/product/equities/BMG9551V1081-MERK
VANTEA SMART,VNT,EXGM,"EUR 0,97","-3,00%",17:35 CET,https://live.euronext.com/pt/product/equities/IT0005433765-EXGM
VANTIVA,VANTI,XPAR,"EUR 0,1168","-2,50%",17:35 CET,https://live.euronext.com/pt/product/equities/FR0013505062-XPAR
VARONIS SYSTEMS IN,1VRNS,BGEM,"EUR 28,35","-5,97%",15:52 CET,https://live.euronext.com/pt/product/equities/US9222801022-BGEM
VASTNED,VASTB,"XBRU, XAMS","EUR 30,60","0,33%",17:35 CET,https://live.euronext.com/pt/product/equities/BE0003754687-XBRU
WEYERHAEUSER,1WY,BGEM,"EUR 18,84",-,03 Dec 2025,https://live.euronext.com/pt/product/equities/US9621661043-BGEM
WEYERHAEUSER,4WY,ETLX,"EUR 21,50","-3,11%",08 Jul 2025,https://live.euronext.com/pt/product/equities/US9621661043-ETLX
WEYERHAEUSER,2WY,MTAH,-,-,-,https://live.euronext.com/pt/product/equities/US9621661043-MTAH
WEYVELD NOSSEGEM,,VPXB,"EUR 5 170,00","10,00%",20 Dec 2022,https://live.euronext.com/pt/product/equities/BE0107958945-VPXB
WFD UNIBAIL-RODAMC,4URW,ETLX,"EUR 93,90","0,66%",06 Jan 2026,https://live.euronext.com/pt/product/equities/FR0013326246-ETLX
WFINCANTIERI 24-26,WFCT26,MTAA,"EUR 2,2495","2,53%",17:28 CET,https://live.euronext.com/pt/product/equities/IT0005599862-MTAA
WHAT''S COOKING GP,WHATS,XBRU,"EUR 122,50","3,38%",17:11 CET,https://live.euronext.com/pt/product/equities/BE0003573814-XBRU
WHITESTONE GROUP,ROCK,ALXB,"EUR 16,80","3,70%",16:30 CET,https://live.euronext.com/pt/product/equities/BE0974401334-ALXB
Wienerberger AG,1WIE,BGEM,"EUR 30,18","2,65%",15 Jan 2026,https://live.euronext.com/pt/product/equities/AT0000831706-BGEM
Wihlborgs Fast,1WIHL,BGEM,-,-,-,https://live.euronext.com/pt/product/equities/SE0018012635-BGEM
WIIT,WIIT,MTAA,"EUR 23,35","4,71%",17:35 CET,https://live.euronext.com/pt/product/equities/IT0005440893-MTAA
WILH. WILHELMSEN A,WWI,XOSL,"NOK 656,00","1,24%",16:25 CET,https://live.euronext.com/pt/product/equities/NO0010571698-XOSL
WILH. WILHELMSEN B,WWIB,XOSL,"NOK 595,00","1,19%",16:25 CET,https://live.euronext.com/pt/product/equities/NO0010576010-XOSL
Williams Cos,1WMB,BGEM,"EUR 51,55","0,86%",07 Jan 2026,https://live.euronext.com/pt/product/equities/US9694571004-BGEM
WILLIAMS-SONOMA IN,1WSM,BGEM,"EUR 180,80","10,24%",13 Jan 2026,https://live.euronext.com/pt/product/equities/US9699041011-BGEM
Willis Towers W,1WTW,BGEM,"EUR 288,00","2,13%",05 Jan 2026,https://live.euronext.com/pt/product/equities/IE00BDB6Q211-BGEM
WILLSCOT HOLDINGS,1WSC,BGEM,"EUR 16,60","3,11%",22 Dec 2025,https://live.euronext.com/pt/product/equities/US9713781048-BGEM
WINAMP GROUP,ALWIN,"ALXP, ALXB","EUR 0,208","2,46%",16:16 CET,https://live.euronext.com/pt/product/equities/BE0974334667-ALXP
WINFARM,ALWF,ALXP,"EUR 4,18","4,24%",17:08 CET,https://live.euronext.com/pt/product/equities/FR0014000P11-ALXP
WITBE,ALWIT,ALXP,"EUR 1,36","-2,16%",14:37 CET,https://live.euronext.com/pt/product/equities/FR0013143872-ALXP
WOLTERS KLUWER,2WKL,MTAH,-,-,-,https://live.euronext.com/pt/product/equities/NL0000395903-MTAH
WOLTERS KLUWER,WKL,XAMS,"EUR 87,64","-0,41%",17:38 CET,https://live.euronext.com/pt/product/equities/NL0000395903-XAMS
WORKDAY,2WDAY,MTAH,"EUR 184,66","2,12%",26 Nov 2025,https://live.euronext.com/pt/product/equities/US98138H1014-MTAH
WORKDAY,1WDAY,BGEM,"EUR 167,70","-0,25%",13:44 CET,https://live.euronext.com/pt/product/equities/US98138H1014-BGEM
WORKDAY,4WDAY,ETLX,"EUR 197,20","-4,48%",01 Aug 2025,https://live.euronext.com/pt/product/equities/US98138H1014-ETLX
WORLDLINE,2WLN,MTAH,-,-,-,https://live.euronext.com/pt/product/equities/FR0011981968-MTAH
WORLDLINE,WLN,XPAR,"EUR 1,532","-2,42%",17:35 CET,https://live.euronext.com/pt/product/equities/FR0011981968-XPAR
WPASQUARELLI 23-26,WPSQ26,EXGM,"EUR 0,0002",-,15 Jan 2026,https://live.euronext.com/pt/product/equities/IT0005546301-EXGM
WW Grainger Inc,1GWW,BGEM,"EUR 878,20","0,57%",07 Jan 2026,https://live.euronext.com/pt/product/equities/US3848021040-BGEM
Wynn Resorts Ltd,1WYNN,BGEM,"EUR 101,68","2,88%",15 Jan 2026,https://live.euronext.com/pt/product/equities/US9831341071-BGEM
X-FAB,XFAB,XPAR,"EUR 5,355","-1,11%",17:35 CET,https://live.euronext.com/pt/product/equities/BE0974310428-XPAR
Xcel Energy Inc,1XEL,BGEM,"EUR 64,62","0,06%",11 Dec 2025,https://live.euronext.com/pt/product/equities/US98389B1008-BGEM
XENIA,XHS,EXGM,"EUR 3,56","1,71%",17:23 CET,https://live.euronext.com/pt/product/equities/IT0005568487-EXGM
XILAM ANIMATION,ALXIL,ALXP,"EUR 3,87","3,48%",17:35 CET,https://live.euronext.com/pt/product/equities/FR0004034072-ALXP
XIOR,XIOR,XBRU,"EUR 28,80","-0,35%",17:37 CET,https://live.euronext.com/pt/product/equities/BE0974288202-XBRU
XP INC - CLASS A,1XP,BGEM,"EUR 14,792","-1,14%",17:03 CET,https://live.euronext.com/pt/product/equities/KYG982391099-BGEM
XPLORA TECHNOLOGIE,XPLRA,MERK,"NOK 48,50","-0,61%",16:25 CET,https://live.euronext.com/pt/product/equities/NO0010895782-MERK
Xylem Inc/NY,1XYL,BGEM,"EUR 119,30","-0,83%",15 Jan 2026,https://live.euronext.com/pt/product/equities/US98419M1009-BGEM
YAKKYO,YKY,EXGM,"EUR 1,00",-,20 Mar 2024,https://live.euronext.com/pt/product/equities/IT0005573966-EXGM
YARA INTERNATIONAL,YAR,XOSL,"NOK 418,30","-1,30%",16:29 CET,https://live.euronext.com/pt/product/equities/NO0010208051-XOSL
YOLO GROUP,YOLO,EXGM,"EUR 0,90","-3,23%",17:12 CET,https://live.euronext.com/pt/product/equities/IT0005495871-EXGM
YOUNITED FIN. WARR,YOUNW,"XAMS, XPAR",-,-,-,https://live.euronext.com/pt/product/equities/LU2999660207-XAMS
YOUNITED FINANCIAL,YOUNI,"XAMS, XPAR","EUR 7,40",-,17:35 CET,https://live.euronext.com/pt/product/equities/LU2999653251-XAMS
Yum! Brands Inc,1YUM,BGEM,"EUR 132,95","0,95%",12 Jan 2026,https://live.euronext.com/pt/product/equities/US9884981013-BGEM
ZALANDO,2ZAL,MTAH,"EUR 22,30","-1,72%",19 Nov 2025,https://live.euronext.com/pt/product/equities/DE000ZAL1111-MTAH
ZALANDO,1ZAL,BGEM,"EUR 25,65","1,26%",17:03 CET,https://live.euronext.com/pt/product/equities/DE000ZAL1111-BGEM
ZALANDO,4ZAL,ETLX,"EUR 25,44",-,14:36 CET,https://live.euronext.com/pt/product/equities/DE000ZAL1111-ETLX
ZALARIS,ZAL,XOSL,"NOK 85,00","1,19%",16:25 CET,https://live.euronext.com/pt/product/equities/NO0010708910-XOSL
ZAPTEC,ZAP,XOSL,"NOK 23,75","-0,63%",16:29 CET,https://live.euronext.com/pt/product/equities/NO0010713936-XOSL
ZCCM,MLZAM,XMLI,"EUR 2,86","1,42%",11:30 CET,https://live.euronext.com/pt/product/equities/ZM0000000037-XMLI
ZCI LIMITED,CV,XPAR,"EUR 0,20",-,04 Aug 2015,https://live.euronext.com/pt/product/equities/BMG9887P1068-XPAR
Zebra Technologies,1ZBRA,BGEM,"EUR 223,00","-1,63%",15 Jan 2026,https://live.euronext.com/pt/product/equities/US9892071054-BGEM
ZELLUNA,ZLNA,XOSL,"NOK 15,25","11,31%",16:25 CET,https://live.euronext.com/pt/product/equities/NO0013524942-XOSL
ZENITH ENERGY,ZENA,MERK,"NOK 0,449","2,05%",16:26 CET,https://live.euronext.com/pt/product/equities/CA98936C8584-MERK
ZENOBE GRAMME CERT,ZEN,XBRU,"EUR 222,00","1,84%",15 Jan 2026,https://live.euronext.com/pt/product/equities/BE0003809267-XBRU
ZEST,ZEST,MTAA,"EUR 0,137","-2,84%",17:35 CET,https://live.euronext.com/pt/product/equities/IT0005013013-MTAA
ZIGNAGO VETRO,ZV,MTAA,"EUR 8,00","-1,11%",17:35 CET,https://live.euronext.com/pt/product/equities/IT0004171440-MTAA
ZILLOW GROUP A,1ZGU,BGEM,"EUR 57,70","0,66%",09 Jan 2026,https://live.euronext.com/pt/product/equities/US98954M1018-BGEM
ZILLOW GROUP C,1ZUS,BGEM,"EUR 57,62","1,89%",05 Jan 2026,https://live.euronext.com/pt/product/equities/US98954M2008-BGEM
Zimmer Biomet,1ZBH,BGEM,"EUR 78,46","-0,61%",05 Jan 2026,https://live.euronext.com/pt/product/equities/US98956P1021-BGEM
ZOETIS,1ZTS,BGEM,"EUR 107,88","0,47%",17:35 CET,https://live.euronext.com/pt/product/equities/US98978V1035-BGEM
ZOETIS,4ZTS,ETLX,"EUR 126,50","0,16%",22 Oct 2025,https://live.euronext.com/pt/product/equities/US98978V1035-ETLX
ZOETIS,2ZTS,MTAH,"EUR 108,38",-,12 Jan 2026,https://live.euronext.com/pt/product/equities/US98978V1035-MTAH
ZOOM COMMUNICATION,4ZM,ETLX,"EUR 72,81","-1,05%",19 Sep 2025,https://live.euronext.com/pt/product/equities/US98980L1017-ETLX
ZOOM COMMUNICATION,1ZM,BGEM,"EUR 70,03","-1,17%",15:27 CET,https://live.euronext.com/pt/product/equities/US98980L1017-BGEM
ZOOM COMMUNICATION,2ZM,MTAH,"EUR 70,17","0,17%",19 Nov 2025,https://live.euronext.com/pt/product/equities/US98980L1017-MTAH
ZOOMINFO TECHNOLOG,1ZI,BGEM,"EUR 8,60","-4,44%",21 Oct 2025,https://live.euronext.com/pt/product/equities/US98980F1049-BGEM
Zscaler Inc,1ZS,BGEM,"EUR 184,44","-1,18%",17:29 CET,https://live.euronext.com/pt/product/equities/US98980G1022-BGEM
ZUCCHI,ZUC,MTAA,"EUR 0,72","1,41%",17:35 CET,https://live.euronext.com/pt/product/equities/IT0005395071-MTAA
Zurich Insurance G,1ZURN,BGEM,"EUR 625,00","-5,30%",14:55 CET,https://live.euronext.com/pt/product/equities/CH0011075394-BGEM
